INSERT INTO KHOA(MaKhoa, TenKhoa) VALUES
('05', N'Khoa Công nghệ Thông tin'),
('09', N'Khoa Kinh tế'),
('12', N'Khoa Ngoại ngữ');

INSERT INTO Lop(LopSV,TenLop,MaKhoa) VALUES
('231101A', N'Công nghệ thông tin', '05'),
('231101B', N'Công nghệ thông tin', '05'),
('23131BE3', N'Ngôn ngữ Anh', '12');
INSERT INTO SINHVIEN(MaSV, HoTen, GioiTinh, NgaySinh, LopSV) VALUES
('23131177', N'Trần Duy Anh', 'Nam', '2005-11-25', '23131BE3'),
('23110178', N'Huỳnh Hoài Bảo', 'Nam', '2005-11-15', '231101B'),
('23110184', N'Trương Công Bình', 'Nam', '2005-04-14', '231101B'),
('23110186', N'Tôn Hoàng Cầm', 'Nam', '2005-07-22', '231101A'),
('23131189', N'Nguyễn Duy Cường', 'Nam', '2005-07-08', '23131BE3'),
('23131191', N'Lâm Văn Dỉ', 'Nam', '2005-03-25', '23131BE3'),
('23110192', N'Phan Đình Duẩn', 'Nam', '2005-05-17', '231101A'),
('23110193', N'Đinh Nguyễn Đức Duy', 'Nam', '2005-08-04', '231101B'),
('23110196', N'Võ Lê Khánh Duy', 'Nam', '2005-03-26', '231101B'),
('23131200', N'Trần Triều Dương', 'Nam', '2005-11-24', '23131BE3'),
('23110201', N'Trần Lê Quốc Đại', 'Nam', '2005-04-27', '231101A'),
('23110204', N'Nguyễn Kim Điền', 'Nam', '2005-05-03', '231101A'),
('23131205', N'Trương Quang Điệp', 'Nam', '2005-06-25', '23131BE3'),
('23131207', N'Nguyễn Hoàng Hà', 'Nam', '2005-10-07', '23131BE3'),
('23110210', N'Ninh Thị Mỹ Hạnh', N'Nữ', '2005-11-20', '231101B'),
('23110212', N'Nguyễn Trung Hậu', 'Nam', '2005-01-29', '231101A'),
('23110213', N'Văn Phú Hiền', 'Nam', '2005-03-06', '231101B'),
('23110220', N'Ngô Huy Hoàng', 'Nam', '2005-08-18', '231101A'),
('23110222', N'Nghiêm Quang Huy', 'Nam', '2005-10-21', '231101A'),
('23110226', N'Nguyễn Nhật Huy', 'Nam', '2005-10-11', '231101B'),
('23110227', N'Nguyễn Thành Huy', 'Nam', '2005-10-02', '231101B'),
('23110231', N'Xín Lợi Huy', 'Nam', '2005-11-18', '231101B'),
('23110234', N'Nguyễn Văn Kế', 'Nam', '2005-05-30', '231101B'),
('23110236', N'Nguyễn Phước Khang', 'Nam', '2005-01-07', '231101A'),
('23131237', N'Nguyễn Thanh Khang', 'Nam', '2005-03-05', '23131BE3'),
('23110243', N'Trác Ngọc Đăng Khoa', 'Nam', '2005-05-11', '231101B'),
('23110244', N'Đoàn Quang Khôi', 'Nam', '2005-01-08', '231101A'),
('23110247', N'Nguyễn Hoàng Anh Kiệt', 'Nam', '2005-02-03', '231101B'),
('23110248', N'Nguyễn Thị Hoàng Kim', N'Nữ', '2005-05-20', '231101B'),
('23131250', N'Nguyễn Trí Lâm', 'Nam', '2005-04-03', '23131BE3'),
('23131254', N'Nguyễn Thị Thu Linh', N'Nữ', '2005-02-02', '23131BE3'),
('23110260', N'Trình Văn Lưu', 'Nam', '2005-12-14', '231101B'),
('23110263', N'Nguyễn Thị Hồng Mến', N'Nữ', '2005-03-18', '231101A'),
('23110271', N'Trần Hồ Phương Nguyên', N'Nữ', '2005-07-09', '231101A'),
('23110272', N'Trịnh Nguyễn Hoàng Nguyên', 'Nam', '2005-02-07', '231101A'),
('23110273', N'Trương Nhất Nguyên', 'Nam', '2005-08-02', '231101A'),
('23110277', N'Võ Thanh Nhã', 'Nam', '2005-04-12', '231101B'),
('23131285', N'Nguyễn Thuận Phú', 'Nam', '2005-01-18', '23131BE3'),
('23110288', N'Nguyễn Trọng Phúc', 'Nam', '2005-03-23', '231101B'),
('23110292', N'Đặng Trần Anh Quân', 'Nam', '2005-01-30', '231101A'),
('23110295', N'Trần Minh Quận', 'Nam', '2005-04-07', '231101B'),
('23131296', N'Vũ Anh Quốc', 'Nam', '2005-03-06', '23131BE3'),
('23131298', N'Hà Như Quỳnh', N'Nữ', '2005-04-12', '23131BE3'),
('23110301', N'Võ Thanh Sang', 'Nam', '2005-05-01', '231101B'),
('23110303', N'Phan Đình Sáng', 'Nam', '2005-05-03', '231101A'),
('23131304', N'Đặng Ngọc Tài', 'Nam', '2005-08-25', '23131BE3'),
('23131306', N'Nguyễn Phước Tài', 'Nam', '2005-03-27', '23131BE3'),
('23110312', N'Lê Thị Thanh Tâm', N'Nữ', '2005-12-04', '231101A'),
('23131317', N'Nguyễn Lâm Tấn', 'Nam', '2005-11-11', '23131BE3'),
('23110320', N'Trần Bá Thành', 'Nam', '2005-10-02', '231101B'),
('23110326', N'Nguyễn Hoàng Thạch', 'Nam', '2005-01-18', '231101A'),
('23131328', N'Lê Văn Chiến Thắng', 'Nam', '2005-03-25', '23131BE3'),
('23131329', N'Vũ Toàn Thắng', 'Nam', '2005-02-21', '23131BE3'),
('23110330', N'Nguyễn Phương Thi', N'Nữ', '2005-06-19', '231101B'),
('23110333', N'Trần An Thiên', 'Nam', '2005-06-20', '231101A'),
('23110334', N'Trần Hữu Thoại', 'Nam', '2005-06-08', '231101B'),
('23110335', N'Trần Minh Thuận', 'Nam', '2005-11-17', '231101A'),
('23131340', N'Nguyễn Thành Tin', 'Nam', '2005-09-23', '23131BE3'),
('23110343', N'Võ Hữu Tín', 'Nam', '2005-06-02', '231101B'),
('23131346', N'Trần Quốc Tới', 'Nam', '2005-05-13', '23131BE3'),
('23110347', N'Đoàn Thị Thu Trang', N'Nữ', '2005-10-15', '231101A'),
('23131348', N'Nguyễn Phạm Bảo Trân', N'Nữ', '2005-02-16', '23131BE3'),
('23110351', N'Trần Thành Trung', 'Nam', '2005-04-10', '231101B'),
('23131352', N'Võ Chí Trung', 'Nam', '2005-12-02', '23131BE3'),
('23110353', N'Vũ Quốc Trung', 'Nam', '2005-01-09', '231101A'),
('23110354', N'Đoàn Quân Tuấn', 'Nam', '2005-02-03', '231101B'),
('23110356', N'Phạm Lê Anh Tuấn', 'Nam', '2005-02-16', '231101A'),
('23110359', N'Võ Văn Tú', 'Nam', '2005-11-22', '231101A'),
('23131362', N'Phan Quốc Viễn', 'Nam', '2005-07-17', '23131BE3'),
('23131363', N'Kinh Văn Việt', 'Nam', '2005-02-06', '23131BE3'),
('23131365', N'Huỳnh Tấn Vinh', 'Nam', '2005-01-20', '23131BE3'),
('23110366', N'Trịnh Quốc Công Vinh', 'Nam', '2005-08-23', '231101A'),
('23131369', N'Nguyễn Tấn Yên', 'Nam', '2005-01-22', '23131BE3'),
('23110370', N'Hồng Phước Hòa', 'Nam', '2004-06-12', '231101A'),
('23110371', N'Sử Thanh Lộc', 'Nam', '2004-10-09', '231101B'),
('23131372', N'Nguyễn Thị Kim Oanh', N'Nữ', '2004-12-17', '23131BE3');


INSERT INTO DiemRenLuyen (MaSV, Diem) VALUES
('23131177', 82.5),
('23110178', 90.0),
('23110184', 75.0),
('23110186', 88.5),
('23131189', 70.0),
('23131191', 65.5),
('23110192', 91.0),
('23110193', 80.5),
('23110196', 84.0),
('23131200', 77.5),
('23110201', 89.0),
('23110204', 73.5),
('23131205', 92.0),
('23131207', 81.0),
('23110210', 85.0),
('23110212', 79.5),
('23110213', 76.0),
('23110220', 83.5),
('23110222', 87.0),
('23110226', 72.0),
('23110227', 74.5),
('23110231', 68.0),
('23110234', 90.5),
('23110236', 82.0),
('23131237', 71.5),
('23110243', 86.0),
('23110244', 78.0),
('23110247', 80.0),
('23110248', 84.5),
('23131250', 67.5),
('23131254', 88.0),
('23110260', 76.5),
('23110263', 69.0),
('23110271', 85.5),
('23110272', 81.5),
('23110273', 79.0),
('23110277', 73.0),
('23131285', 83.0),
('23110288', 75.5),
('23110292', 89.5),
('23110295', 70.5),
('23131296', 86.5),
('23131298', 78.5),
('23110301', 91.5),
('23110303', 82.5),
('23131304', 77.0),
('23131306', 84.0),
('23110312', 88.5),
('23131317', 66.5),
('23110320', 72.5),
('23110326', 80.5),
('23131328', 87.5),
('23131329', 90.0),
('23110330', 74.0),
('23110333', 83.0),
('23110334', 76.5),
('23110335', 92.0),
('23131340', 68.5),
('23110343', 79.5),
('23131346', 88.0),
('23110347', 71.0),
('23131348', 85.0),
('23110351', 89.0),
('23131352', 80.0),
('23110353', 73.5),
('23110354', 77.5),
('23110356', 82.0),
('23110359', 90.5),
('23131362', 75.0),
('23131363', 66.0),
('23131365', 87.0),
('23110366', 79.0),
('23131369', 72.0),
('23110370', 88.5),
('23110371', 83.5),
('23131372', 69.5);
INSERT INTO GIANGVIEN(MaGV, HoTenGV) VALUES
('1990', N'Đỗ Thị Ngọc Lệ'),
('2002', N'Lai Văn Phút'),
('1993', N'Hồ Ngọc Khương');
INSERT INTO MonHoc (MaMH, TenMH, SoTinChi)VALUES
('LLCT120205', N'Kinh tế chính trị Mác - Lênin', 2),
('LLCT120314', N'Tư tưởng Hồ Chí Minh', 2),
('MATH132401', N'Toán 1', 3),
('MATH132501', N'Toán 2', 3),
('INPR140285', N'Nhập môn lập trình', 4),
('PHYS130902', N'Vật lý 1', 3),
('INIT130185', N'Nhập môn ngành CNTT', 3);

INSERT INTO HocKyNamHoc (HocKy, NamHoc) VALUES
(1, '2023-2024'),
(2, '2023-2024'),
(1, '2024-2025'),
(2, '2024-2025');

INSERT INTO LopHocPhan (MaLHP, MaMH, MaGV, MaHocKyNamHoc) VALUES 
('MATH132401_01', 'MATH132401', '2002', 3),
('MATH132401_02', 'MATH132401', '2002', 3),
('MATH132401_03', 'MATH132401', '2002', 2),
('MATH132501_01', 'MATH132501', '2002', 3),

('MATH132401_01', 'MATH132401', '2002', 4),
('MATH132401_02', 'MATH132401', '2002', 4),
('MATH132401_03', 'MATH132401', '2002', 4),
('MATH132501_01', 'MATH132501', '2002', 4),

('LLCT120205_01', 'LLCT120205', '1993', 4),
('LLCT120314_01', 'LLCT120314', '1990', 4);

-- ==============================
-- Đăng ký 76 SV cho 3 lớp MATH132401
-- ==============================

 
 -- ==============================
-- Đăng ký 76 SV cho MATH132401_01, _02, _03
truncate table DangKyMonHoc;
-- ==============================
INSERT INTO DangKyMonHoc (MaSV, MaLHP, MaHocKyNamHoc) VALUES
('23131177', 'MATH132401_01', 4),
('23110178', 'MATH132401_01', 4),
('23110184', 'MATH132401_01', 4),
('23110186', 'MATH132401_01', 4),
('23131189', 'MATH132401_01', 4),
('23131191', 'MATH132401_01', 4),
('23110192', 'MATH132401_01', 4),
('23110193', 'MATH132401_01', 4),
('23110196', 'MATH132401_01', 4),
('23131200', 'MATH132401_01', 4),
('23110201', 'MATH132401_01', 4),
('23110204', 'MATH132401_01', 4),
('23131205', 'MATH132401_01', 4),
('23131207', 'MATH132401_01', 4),
('23110210', 'MATH132401_01', 4),
('23110212', 'MATH132401_01', 4),
('23110213', 'MATH132401_01', 4),
('23110220', 'MATH132401_01', 4),
('23110222', 'MATH132401_01', 4),
('23110226', 'MATH132401_01', 4),
('23110227', 'MATH132401_01', 4),
('23110231', 'MATH132401_01', 4),
('23110234', 'MATH132401_01', 4),
('23110236', 'MATH132401_01', 4),
('23131237', 'MATH132401_01', 4),
('23110243', 'MATH132401_02', 4),
('23110244', 'MATH132401_02', 4),
('23110247', 'MATH132401_02', 4),
('23110248', 'MATH132401_02', 4),
('23131250', 'MATH132401_02', 4),
('23131254', 'MATH132401_02', 4),
('23110260', 'MATH132401_02', 4),
('23110263', 'MATH132401_02', 4),
('23110271', 'MATH132401_02', 4),
('23110272', 'MATH132401_02', 4),
('23110273', 'MATH132401_02', 4),
('23110277', 'MATH132401_02', 4),
('23131285', 'MATH132401_02', 4),
('23110288', 'MATH132401_02', 4),
('23110292', 'MATH132401_02', 4),
('23110295', 'MATH132401_02', 4),
('23131296', 'MATH132401_02', 4),
('23131298', 'MATH132401_02', 4),
('23110301', 'MATH132401_02', 4),
('23110303', 'MATH132401_02', 4),
('23131304', 'MATH132401_03', 4),
('23131306', 'MATH132401_03', 4),
('23110312', 'MATH132401_03', 4),
('23131317', 'MATH132401_03', 4),
('23110320', 'MATH132401_03', 4),
('23110326', 'MATH132401_03', 4),
('23131328', 'MATH132401_03', 4),
('23131329', 'MATH132401_03', 4),
('23110330', 'MATH132401_03', 4),
('23110333', 'MATH132401_03', 4),
('23110334', 'MATH132401_03', 4),
('23110335', 'MATH132401_03', 4),
('23131340', 'MATH132401_03', 4),
('23110343', 'MATH132401_03', 4),
('23131346', 'MATH132401_03', 4),
('23110347', 'MATH132401_03', 4),
('23131348', 'MATH132401_03', 4),
('23110351', 'MATH132401_03', 4),
('23131352', 'MATH132401_03', 4),
('23110353', 'MATH132401_03', 4),
('23110354', 'MATH132401_03', 4),
('23110356', 'MATH132401_03', 4),
('23110359', 'MATH132401_03', 4),
('23131362', 'MATH132401_03', 4),
('23131363', 'MATH132401_03', 4),
('23131365', 'MATH132401_03', 4),
('23110366', 'MATH132401_03', 4),
('23131369', 'MATH132401_03', 4),
('23110370', 'MATH132401_03', 4),
('23110371', 'MATH132401_03', 4),
('23131372', 'MATH132401_03', 4);




-- ==============================
-- Đăng ký 45 SV cho MATH132501_01
-- ==============================
INSERT INTO DangKyMonHoc (MaSV, MaLHP, MaHocKyNamHoc) VALUES
('23131177','MATH132501_01',4),
('23110178','MATH132501_01',4),
('23110184','MATH132501_01',4),
('23110186','MATH132501_01',4),
('23131189','MATH132501_01',4),
('23131191','MATH132501_01',4),
('23110192','MATH132501_01',4),
('23110193','MATH132501_01',4),
('23110196','MATH132501_01',4),
('23131200','MATH132501_01',4),
('23110201','MATH132501_01',4),
('23110204','MATH132501_01',4),
('23131205','MATH132501_01',4),
('23131207','MATH132501_01',4),
('23110210','MATH132501_01',4),
('23110212','MATH132501_01',4),
('23110213','MATH132501_01',4),
('23110220','MATH132501_01',4),
('23110222','MATH132501_01',4),
('23110226','MATH132501_01',4),
('23110227','MATH132501_01',4),
('23110231','MATH132501_01',4),
('23110234','MATH132501_01',4),
('23110236','MATH132501_01',4),
('23131237','MATH132501_01',4),
('23110243','MATH132501_01',4),
('23110244','MATH132501_01',4),
('23110247','MATH132501_01',4),
('23110248','MATH132501_01',4),
('23131250','MATH132501_01',4),
('23131254','MATH132501_01',4),
('23110260','MATH132501_01',4),
('23110263','MATH132501_01',4),
('23110271','MATH132501_01',4),
('23110272','MATH132501_01',4),
('23110273','MATH132501_01',4),
('23110277','MATH132501_01',4),
('23131285','MATH132501_01',4),
('23110288','MATH132501_01',4),
('23110292','MATH132501_01',4),
('23110295','MATH132501_01',4),
('23131296','MATH132501_01',4);

-- ==============================
-- Đăng ký 50 SV cho LLCT120205_01
-- ==============================
INSERT INTO DangKyMonHoc (MaSV, MaLHP, MaHocKyNamHoc) VALUES
('23131177','LLCT120205_01',4),
('23110178','LLCT120205_01',4),
('23110184','LLCT120205_01',4),
('23110186','LLCT120205_01',4),
('23131189','LLCT120205_01',4),
('23131191','LLCT120205_01',4),
('23110192','LLCT120205_01',4),
('23110193','LLCT120205_01',4),
('23110196','LLCT120205_01',4),
('23131200','LLCT120205_01',4),
('23110201','LLCT120205_01',4),
('23110204','LLCT120205_01',4),
('23131205','LLCT120205_01',4),
('23131207','LLCT120205_01',4),
('23110210','LLCT120205_01',4),
('23110212','LLCT120205_01',4),
('23110213','LLCT120205_01',4),
('23110220','LLCT120205_01',4),
('23110222','LLCT120205_01',4),
('23110226','LLCT120205_01',4),
('23110227','LLCT120205_01',4),
('23110231','LLCT120205_01',4),
('23110234','LLCT120205_01',4),
('23110236','LLCT120205_01',4),
('23131237','LLCT120205_01',4),
('23110243','LLCT120205_01',4),
('23110244','LLCT120205_01',4),
('23110247','LLCT120205_01',4),
('23110248','LLCT120205_01',4),
('23131250','LLCT120205_01',4),
('23131254','LLCT120205_01',4),
('23110260','LLCT120205_01',4),
('23110263','LLCT120205_01',4),
('23110271','LLCT120205_01',4),
('23110272','LLCT120205_01',4),
('23110273','LLCT120205_01',4),
('23110277','LLCT120205_01',4),
('23131285','LLCT120205_01',4),
('23110288','LLCT120205_01',4),
('23110292','LLCT120205_01',4),
('23110295','LLCT120205_01',4),
('23131296','LLCT120205_01',4),
('23131298','LLCT120205_01',4),
('23110301','LLCT120205_01',4),
('23110303','LLCT120205_01',4),
('23131304','LLCT120205_01',4),
('23131306','LLCT120205_01',4);

-- ==============================
-- Đăng ký 42 SV cho LLCT120314_01
-- ==============================
INSERT INTO DangKyMonHoc (MaSV, MaLHP, MaHocKyNamHoc) VALUES
('23110312','LLCT120314_01',4),
('23131317','LLCT120314_01',4),
('23110320','LLCT120314_01',4),
('23110326','LLCT120314_01',4),
('23131328','LLCT120314_01',4),
('23131329','LLCT120314_01',4),
('23110330','LLCT120314_01',4),
('23110333','LLCT120314_01',4),
('23110334','LLCT120314_01',4),
('23110335','LLCT120314_01',4),
('23131340','LLCT120314_01',4),
('23110343','LLCT120314_01',4),
('23131346','LLCT120314_01',4),
('23110347','LLCT120314_01',4),
('23131348','LLCT120314_01',4),
('23110351','LLCT120314_01',4),
('23131352','LLCT120314_01',4),
('23110353','LLCT120314_01',4),
('23110354','LLCT120314_01',4),
('23110356','LLCT120314_01',4),
('23110359','LLCT120314_01',4),
('23131362','LLCT120314_01',4),
('23131363','LLCT120314_01',4),
('23131365','LLCT120314_01',4),
('23110366','LLCT120314_01',4),
('23131369','LLCT120314_01',4),
('23110370','LLCT120314_01',4),
('23110371','LLCT120314_01',4),
('23131372','LLCT120314_01',4),
('23131177','LLCT120314_01',4),
('23110178','LLCT120314_01',4),
('23110184','LLCT120314_01',4),
('23110186','LLCT120314_01',4),
('23131189','LLCT120314_01',4),
('23131191','LLCT120314_01',4),
('23110192','LLCT120314_01',4),
('23110193','LLCT120314_01',4),
('23110196','LLCT120314_01',4),
('23131200','LLCT120314_01',4),
('23110201','LLCT120314_01',4),
('23110204','LLCT120314_01',4),
('23131205','LLCT120314_01',4),
('23131207','LLCT120314_01',4);



INSERT INTO ChiTietHocPhan (MaSV, MaMH, MaHocKyNamHoc, DiemGK, DiemCK) VALUES
('23131177', 'INPR140285', 3, 2.1, 8.7),
('23110178', 'PHYS130902', 3, 9.9, 1.3),
('23110178', 'INPR140285', 3, 4.6, 8.6),
('23110178', 'INIT130185', 3, 0.3, 4.2),
('23110184', 'INIT130185', 3, 2.0, 6.8),
('23110186', 'INPR140285', 3, 0.4, 7.4),
('23110186', 'INIT130185', 3, 7.2, 4.1),
('23131189', 'PHYS130902', 3, 6.5, 5.3),
('23131189', 'INPR140285', 3, 4.0, 1.4),
('23131191', 'INIT130185', 3, 10.0, 9.1),
('23131191', 'INPR140285', 3, 4.2, 6.4),
('23110192', 'INPR140285', 3, 6.4, 3.1),
('23110192', 'INIT130185', 3, 9.9, 0.0),
('23110193', 'INPR140285', 3, 9.0, 6.6),
('23110193', 'INIT130185', 3, 3.4, 9.8),
('23110193', 'PHYS130902', 3, 0.8, 1.8),
('23110196', 'INPR140285', 3, 1.9, 9.2),
('23110196', 'INIT130185', 3, 2.3, 5.2),
('23110196', 'PHYS130902', 3, 9.7, 2.8),
('23131200', 'INIT130185', 3, 0.7, 5.2),
('23131200', 'INPR140285', 3, 7.1, 0.2),
('23110201', 'PHYS130902', 3, 2.4, 8.9),
('23110204', 'PHYS130902', 3, 7.2, 7.9),
('23131205', 'INIT130185', 3, 6.1, 4.5),
('23131205', 'PHYS130902', 3, 9.2, 3.0),
('23131205', 'INPR140285', 3, 6.2, 6.5),
('23131207', 'INIT130185', 3, 8.5, 6.5),
('23110210', 'INIT130185', 3, 1.4, 1.6),
('23110212', 'PHYS130902', 3, 1.9, 0.9),
('23110212', 'INIT130185', 3, 6.9, 2.5),
('23110212', 'INPR140285', 3, 3.3, 9.3),
('23110213', 'PHYS130902', 3, 8.8, 4.0),
('23110213', 'INIT130185', 3, 1.6, 4.2),
('23110220', 'PHYS130902', 3, 0.9, 3.6),
('23110220', 'INPR140285', 3, 1.2, 3.1),
('23110220', 'INIT130185', 3, 9.2, 5.4),
('23110222', 'PHYS130902', 3, 7.8, 1.1),
('23110226', 'INIT130185', 3, 0.2, 6.0),
('23110227', 'INPR140285', 3, 9.1, 9.4),
('23110227', 'PHYS130902', 3, 1.4, 5.8),
('23110227', 'INIT130185', 3, 3.4, 6.5),
('23110231', 'PHYS130902', 3, 3.1, 9.7),
('23110231', 'INIT130185', 3, 0.6, 7.0),
('23110234', 'INPR140285', 3, 1.9, 3.9),
('23110236', 'PHYS130902', 3, 5.0, 8.4),
('23110236', 'INPR140285', 3, 5.2, 9.0),
('23131237', 'PHYS130902', 3, 0.3, 2.5),
('23110243', 'PHYS130902', 3, 6.0, 3.1),
('23110243', 'INIT130185', 3, 6.6, 1.1),
('23110244', 'INIT130185', 3, 4.3, 5.8),
('23110244', 'PHYS130902', 3, 6.1, 7.8),
('23110244', 'INPR140285', 3, 5.7, 0.8),
('23110247', 'INIT130185', 3, 4.7, 8.9),
('23110248', 'INPR140285', 3, 5.1, 7.0),
('23110248', 'INIT130185', 3, 5.6, 3.8),
('23110248', 'PHYS130902', 3, 6.1, 2.8),
('23131250', 'PHYS130902', 3, 3.3, 3.3),
('23131250', 'INIT130185', 3, 0.1, 7.2),
('23131254', 'INIT130185', 3, 5.7, 7.0),
('23131254', 'INPR140285', 3, 4.4, 7.3),
('23110260', 'PHYS130902', 3, 8.9, 5.5),
('23110260', 'INIT130185', 3, 0.3, 9.8),
('23110263', 'INIT130185', 3, 9.0, 5.8),
('23110263', 'INPR140285', 3, 1.0, 8.9),
('23110271', 'INPR140285', 3, 5.2, 5.5),
('23110272', 'INIT130185', 3, 0.5, 9.5),
('23110272', 'PHYS130902', 3, 1.2, 9.7),
('23110272', 'INPR140285', 3, 4.6, 2.1),
('23110273', 'INPR140285', 3, 7.6, 4.7),
('23110273', 'INIT130185', 3, 6.3, 1.4),
('23110273', 'PHYS130902', 3, 4.2, 4.3),
('23110277', 'INPR140285', 3, 1.3, 3.1),
('23110277', 'PHYS130902', 3, 7.5, 5.4),
('23110277', 'INIT130185', 3, 7.3, 5.4),
('23131285', 'INPR140285', 3, 3.8, 9.2),
('23110288', 'INPR140285', 3, 3.7, 0.4),
('23110288', 'PHYS130902', 3, 2.6, 6.6),
('23110292', 'INPR140285', 3, 2.6, 8.6),
('23110295', 'PHYS130902', 3, 3.4, 8.4),
('23110295', 'INPR140285', 3, 8.3, 8.8),
('23131296', 'INIT130185', 3, 0.2, 0.0),
('23131298', 'INIT130185', 3, 5.3, 2.3),
('23131298', 'PHYS130902', 3, 9.5, 1.9),
('23131298', 'INPR140285', 3, 6.1, 1.4),
('23110301', 'PHYS130902', 3, 1.1, 7.4),
('23110303', 'PHYS130902', 3, 6.6, 9.3),
('23131304', 'INPR140285', 3, 6.8, 8.2),
('23131306', 'PHYS130902', 3, 3.6, 5.7),
('23131306', 'INPR140285', 3, 7.0, 5.4),
('23131306', 'INIT130185', 3, 5.6, 3.7),
('23110312', 'INPR140285', 3, 9.6, 1.3),
('23131317', 'INIT130185', 3, 8.7, 1.1),
('23131317', 'PHYS130902', 3, 2.6, 1.4),
('23131317', 'INPR140285', 3, 6.3, 4.1),
('23110320', 'INIT130185', 3, 9.4, 4.0),
('23110320', 'PHYS130902', 3, 5.0, 9.0),
('23110326', 'INIT130185', 3, 7.9, 3.6),
('23131328', 'INIT130185', 3, 9.9, 8.3),
('23131328', 'PHYS130902', 3, 4.2, 7.3),
('23131329', 'INIT130185', 3, 2.0, 9.3),
('23131329', 'INPR140285', 3, 5.1, 1.0),
('23131329', 'PHYS130902', 3, 0.8, 3.6),
('23110330', 'PHYS130902', 3, 7.1, 6.9),
('23110330', 'INPR140285', 3, 0.8, 5.2),
('23110333', 'PHYS130902', 3, 1.4, 8.2),
('23110333', 'INIT130185', 3, 8.4, 6.6),
('23110334', 'INIT130185', 3, 0.7, 7.5),
('23110335', 'PHYS130902', 3, 2.3, 2.9),
('23110335', 'INIT130185', 3, 9.4, 3.0),
('23110335', 'INPR140285', 3, 3.2, 0.4),
('23131340', 'INPR140285', 3, 9.7, 1.9),
('23131340', 'PHYS130902', 3, 1.3, 6.0),
('23110343', 'INIT130185', 3, 9.5, 0.9),
('23110343', 'INPR140285', 3, 3.9, 5.1),
('23110343', 'PHYS130902', 3, 3.2, 3.6),
('23131346', 'PHYS130902', 3, 1.9, 8.4),
('23110347', 'INPR140285', 3, 5.6, 3.4),
('23110347', 'INIT130185', 3, 7.5, 2.5),
('23131348', 'INIT130185', 3, 8.6, 1.1),
('23131348', 'INPR140285', 3, 2.8, 0.1),
('23110351', 'INPR140285', 3, 2.9, 9.1),
('23131352', 'PHYS130902', 3, 9.6, 7.8),
('23110353', 'PHYS130902', 3, 0.4, 0.8),
('23110354', 'INPR140285', 3, 4.9, 5.1),
('23110356', 'INIT130185', 3, 1.6, 5.3),
('23110356', 'PHYS130902', 3, 0.6, 9.5),
('23110359', 'INPR140285', 3, 9.9, 1.3),
('23110359', 'PHYS130902', 3, 6.6, 8.9),
('23131362', 'PHYS130902', 3, 9.4, 9.5),
('23131363', 'PHYS130902', 3, 7.1, 9.9),
('23131363', 'INPR140285', 3, 5.9, 9.0),
('23131363', 'INIT130185', 3, 1.6, 6.7),
('23131365', 'INPR140285', 3, 2.5, 2.8),
('23110366', 'INPR140285', 3, 0.9, 9.9),
('23131369', 'PHYS130902', 3, 6.3, 2.6),
('23131369', 'INPR140285', 3, 3.9, 4.4),
('23110370', 'INPR140285', 3, 1.4, 6.6),
('23110370', 'INIT130185', 3, 3.9, 8.9),
('23110370', 'PHYS130902', 3, 6.7, 1.0),
('23110371', 'INPR140285', 3, 5.9, 0.3),
('23131372', 'PHYS130902', 3, 8.3, 4.1),
('23131372', 'INPR140285', 3, 7.1, 1.2);





INSERT INTO TaiKhoan (TenDangNhap, MatKhau, Quyen, MaGV)
VALUES
(N'admin', N'123', N'Admin', NULL),        
(N'gv001', N'123', N'GiangVien', '2002'),
(N'gv002', N'123', N'GiangVien', '1990'),
(N'gv003', N'123', N'GiangVien', '1993');




